User Input,Chatbot Response,Timestamp
hello,Hi there,2024-09-10 01:21:51
how are you ,My purpose is to assist you,2024-09-10 01:21:57
weather ,"I'm sorry, I cannot provide real-time weather information.",2024-09-10 01:22:20
How do I create a budget,"To make a budget, start by tracking your income and expenses. Then, allocate your income towards essential expenses like rent, food, and bills. Next, allocate some of your income towards savings and debt repayment. Finally, allocate the remainder of your income towards discretionary expenses like entertainment and hobbies.",2024-09-10 01:22:30
Today is a nice weather,"I'm sorry, I cannot provide real-time weather information.",2024-10-03 08:29:52
How's the weather today,"I'm sorry, I cannot provide real-time weather information.",2024-10-03 08:30:47
Hi,Hello,2024-10-03 08:30:56
hi ,Hey,2024-12-02 19:29:40
hi  hello,Hey,2024-12-02 19:29:57
hi  hello how are you,Hey,2024-12-02 19:30:10
how are you,Hi there,2024-12-02 19:30:26
how are you doing,Nothing much,2024-12-02 19:30:42
can you tell me about how to gain score,"Mindfulness techniques include meditation, deep breathing, body scanning, and mindful eating.",2024-12-02 19:31:22
can you tell me about how to gain credit_score,"Mindfulness techniques include meditation, deep breathing, body scanning, and mindful eating.",2024-12-02 19:31:50
can you tell me about how to gain credit score,"Mindfulness is the practice of being fully present in the moment, observing thoughts and feelings without judgment.",2024-12-02 19:32:01
How do I check my credit score,You can check your credit score for free on several websites such as Credit Karma and Credit Sesame.,2024-12-02 19:32:55
How can I improve my credit score,You can check your credit score for free on several websites such as Credit Karma and Credit Sesame.,2024-12-02 19:33:31
How can I improve my credit score,"A credit score is a number that represents your creditworthiness. It is based on your credit history and is used by lenders to determine whether or not to lend you money. The higher your credit score, the more likely you are to be approved for credit.",2024-12-02 19:34:02
